{"strategy":{"NostalgiaForInfinityX6":{"trades":[{"pair":"ETH/USDT","stake_amount":989.945073,"max_stake_amount":989.945073,"amount":0.3393,"open_date":"2024-04-13 20:20:00+00:00","close_date":"2024-04-13 20:35:00+00:00","open_rate":2917.61,"close_rate":2953.26,"fee_open":0.001,"fee_close":0.001,"trade_duration":15,"profit_ratio":0.010196489805808492,"profit_abs":10.10405881,"exit_reason":"exit_long_tc_u_1 ( 141 142 )","initial_stop_loss_abs":29.18,"initial_stop_loss_ratio":-0.99,"stop_loss_abs":29.18,"stop_loss_ratio":-0.99,"min_rate":2865.02,"max_rate":2978.73,"is_open":false,"enter_tag":"141 142 ","leverage":1.0,"is_short":false,"open_timestamp":1713039600000,"close_timestamp":1713040500000,"orders":[{"amount":0.3393,"safe_price":2917.61,"ft_order_side":"buy","order_filled_timestamp":1713039600000,"ft_is_entry":true,"ft_order_tag":"141 142 ","cost":990.9350180729999},{"amount":0.3393,"safe_price":2953.26,"ft_order_side":"sell","order_filled_timestamp":1713040500000,"ft_is_entry":false,"ft_order_tag":"exit_long_tc_u_1 ( 141 142 )","cost":1003.043159118}],"funding_fees":0.0},{"pair":"ETH/USDT","stake_amount":993.25597,"max_stake_amount":993.25597,"amount":0.343,"open_date":"2024-04-13 20:50:00+00:00","close_date":"2024-04-13 21:05:00+00:00","open_rate":2895.79,"close_rate":2941.11,"fee_open":0.001,"fee_close":0.001,"trade_duration":15,"profit_ratio":0.013621034793150175,"profit_abs":13.5427033,"exit_reason":"exit_long_tc_d_1_20 ( 142 )","initial_stop_loss_abs":28.96,"initial_stop_loss_ratio":-0.99,"stop_loss_abs":28.96,"stop_loss_ratio":-0.99,"min_rate":2886.85,"max_rate":2947.6,"is_open":false,"enter_tag":"142 ","leverage":1.0,"is_short":false,"open_timestamp":1713041400000,"close_timestamp":1713042300000,"orders":[{"amount":0.343,"safe_price":2895.79,"ft_order_side":"buy","order_filled_timestamp":1713041400000,"ft_is_entry":true,"ft_order_tag":"142 ","cost":994.2492259699999},{"amount":0.343,"safe_price":2941.11,"ft_order_side":"sell","order_filled_timestamp":1713042300000,"ft_is_entry":false,"ft_order_tag":"exit_long_tc_d_1_20 ( 142 )","cost":1009.80953073}],"funding_fees":0.0},{"pair":"BTC/USDT","stake_amount":989.726121,"max_stake_amount":989.726121,"amount":0.01593,"open_date":"2024-04-13 20:20:00+00:00","close_date":"2024-04-13 22:00:00+00:00","open_rate":62129.7,"close_rate":62928.0,"fee_open":0.001,"fee_close":0.001,"trade_duration":100,"profit_ratio":0.01082525314515348,"profit_abs":10.72474984,"exit_reason":"exit_long_tc_w_1_11 ( 142 )","initial_stop_loss_abs":621.3,"initial_stop_loss_ratio":-0.99,"stop_loss_abs":621.3,"stop_loss_ratio":-0.99,"min_rate":61252.88,"max_rate":62959.48,"is_open":false,"enter_tag":"142 ","leverage":1.0,"is_short":false,"open_timestamp":1713039600000,"close_timestamp":1713045600000,"orders":[{"amount":0.01593,"safe_price":62129.7,"ft_order_side":"buy","order_filled_timestamp":1713039600000,"ft_is_entry":true,"ft_order_tag":"142 ","cost":990.7158471209998},{"amount":0.01593,"safe_price":62928.0,"ft_order_side":"sell","order_filled_timestamp":1713045600000,"ft_is_entry":false,"ft_order_tag":"exit_long_tc_w_1_11 ( 142 )","cost":1003.4454830399999}],"funding_fees":0.0}],"locks":[],"best_pair":{"key":"ETH/USDT","trades":2,"profit_mean":0.011908762299479334,"profit_mean_pct":1.19,"profit_sum":0.023817524598958667,"profit_sum_pct":2.38,"profit_total_abs":23.646762109999997,"profit_total":0.007882254036666666,"profit_total_pct":0.79,"duration_avg":"0:15:00","wins":2,"draws":0,"losses":0,"winrate":1.0,"cagr":0.019419325166478263,"expectancy":11.823381054999999,"expectancy_ratio":100.0,"sortino":-100,"sharpe":1.7634963451213037,"calmar":-100,"sqn":6.8768,"profit_factor":0.0,"max_drawdown_account":0.0,"max_drawdown_abs":0.0},"worst_pair":{"key":"BTC/USDT","trades":1,"profit_mean":0.01082525314515348,"profit_mean_pct":1.08,"profit_sum":0.01082525314515348,"profit_sum_pct":1.08,"profit_total_abs":10.72474984,"profit_total":0.003574916613333333,"profit_total_pct":0.36,"duration_avg":"1:40:00","wins":1,"draws":0,"losses":0,"winrate":1.0,"cagr":0.008780050383651927,"expectancy":10.72474984,"expectancy_ratio":100.0,"sortino":-100,"sharpe":-100,"calmar":-100,"sqn":-100.0,"profit_factor":0.0,"max_drawdown_account":0.0,"max_drawdown_abs":0.0},"results_per_pair":[{"key":"ETH/USDT","trades":2,"profit_mean":0.011908762299479334,"profit_mean_pct":1.19,"profit_sum":0.023817524598958667,"profit_sum_pct":2.38,"profit_total_abs":23.646762109999997,"profit_total":0.007882254036666666,"profit_total_pct":0.79,"duration_avg":"0:15:00","wins":2,"draws":0,"losses":0,"winrate":1.0,"cagr":0.019419325166478263,"expectancy":11.823381054999999,"expectancy_ratio":100.0,"sortino":-100,"sharpe":1.7634963451213037,"calmar":-100,"sqn":6.8768,"profit_factor":0.0,"max_drawdown_account":0.0,"max_drawdown_abs":0.0},{"key":"BTC/USDT","trades":1,"profit_mean":0.01082525314515348,"profit_mean_pct":1.08,"profit_sum":0.01082525314515348,"profit_sum_pct":1.08,"profit_total_abs":10.72474984,"profit_total":0.003574916613333333,"profit_total_pct":0.36,"duration_avg":"1:40:00","wins":1,"draws":0,"losses":0,"winrate":1.0,"cagr":0.008780050383651927,"expectancy":10.72474984,"expectancy_ratio":100.0,"sortino":-100,"sharpe":-100,"calmar":-100,"sqn":-100.0,"profit_factor":0.0,"max_drawdown_account":0.0,"max_drawdown_abs":0.0},{"key":"TOTAL","trades":3,"profit_mean":0.011547592581370716,"profit_mean_pct":1.15,"profit_sum":0.034642777744112146,"profit_sum_pct":3.46,"profit_total_abs":34.37151195,"profit_total":0.01145717065,"profit_total_pct":1.15,"duration_avg":"0:43:00","wins":3,"draws":0,"losses":0,"winrate":1.0,"cagr":0.028299699729435357,"expectancy":11.45717065,"expectancy_ratio":100.0,"sortino":-100,"sharpe":2.9453592455292834,"calmar":-100,"sqn":10.8286,"profit_factor":0.0,"max_drawdown_account":0.0,"max_drawdown_abs":0.0}],"results_per_enter_tag":[{"key":"142 ","trades":2,"profit_mean":0.012223143969151827,"profit_mean_pct":1.22,"profit_sum":0.024446287938303654,"profit_sum_pct":2.44,"profit_total_abs":24.26745314,"profit_total":0.008089151046666666,"profit_total_pct":0.81,"duration_avg":"0:58:00","wins":2,"draws":0,"losses":0,"winrate":1.0,"cagr":0.019932031274388917,"expectancy":12.13372657,"expectancy_ratio":100.0,"sortino":-100,"sharpe":2.2084142608368627,"calmar":-100,"sqn":8.6117,"profit_factor":0.0,"max_drawdown_account":0.0,"max_drawdown_abs":0.0},{"key":"141 142 ","trades":1,"profit_mean":0.010196489805808492,"profit_mean_pct":1.02,"profit_sum":0.010196489805808492,"profit_sum_pct":1.02,"profit_total_abs":10.10405881,"profit_total":0.0033680196033333333,"profit_total_pct":0.34,"duration_avg":"0:15:00","wins":1,"draws":0,"losses":0,"winrate":1.0,"cagr":0.008270669552803867,"expectancy":10.10405881,"expectancy_ratio":100.0,"sortino":-100,"sharpe":-100,"calmar":-100,"sqn":-100.0,"profit_factor":0.0,"max_drawdown_account":0.0,"max_drawdown_abs":0.0},{"key":"TOTAL","trades":3,"profit_mean":0.011547592581370716,"profit_mean_pct":1.15,"profit_sum":0.034642777744112146,"profit_sum_pct":3.46,"profit_total_abs":34.37151195,"profit_total":0.01145717065,"profit_total_pct":1.15,"duration_avg":"0:43:00","wins":3,"draws":0,"losses":0,"winrate":1.0,"cagr":0.028299699729435357,"expectancy":11.45717065,"expectancy_ratio":100.0,"sortino":-100,"sharpe":2.9453592455292834,"calmar":-100,"sqn":10.8286,"profit_factor":0.0,"max_drawdown_account":0.0,"max_drawdown_abs":0.0}],"exit_reason_summary":[{"key":"exit_long_tc_d_1_20 ( 142 )","trades":1,"profit_mean":0.013621034793150175,"profit_mean_pct":1.36,"profit_sum":0.013621034793150175,"profit_sum_pct":1.36,"profit_total_abs":13.5427033,"profit_total":0.004514234433333333,"profit_total_pct":0.45,"duration_avg":"0:15:00","wins":1,"draws":0,"losses":0,"winrate":1.0,"cagr":0.011094567629616803,"expectancy":13.5427033,"expectancy_ratio":100.0,"sortino":-100,"sharpe":-100,"calmar":-100,"sqn":-100.0,"profit_factor":0.0,"max_drawdown_account":0.0,"max_drawdown_abs":0.0},{"key":"exit_long_tc_w_1_11 ( 142 )","trades":1,"profit_mean":0.01082525314515348,"profit_mean_pct":1.08,"profit_sum":0.01082525314515348,"profit_sum_pct":1.08,"profit_total_abs":10.72474984,"profit_total":0.003574916613333333,"profit_total_pct":0.36,"duration_avg":"1:40:00","wins":1,"draws":0,"losses":0,"winrate":1.0,"cagr":0.008780050383651927,"expectancy":10.72474984,"expectancy_ratio":100.0,"sortino":-100,"sharpe":-100,"calmar":-100,"sqn":-100.0,"profit_factor":0.0,"max_drawdown_account":0.0,"max_drawdown_abs":0.0},{"key":"exit_long_tc_u_1 ( 141 142 )","trades":1,"profit_mean":0.010196489805808492,"profit_mean_pct":1.02,"profit_sum":0.010196489805808492,"profit_sum_pct":1.02,"profit_total_abs":10.10405881,"profit_total":0.0033680196033333333,"profit_total_pct":0.34,"duration_avg":"0:15:00","wins":1,"draws":0,"losses":0,"winrate":1.0,"cagr":0.008270669552803867,"expectancy":10.10405881,"expectancy_ratio":100.0,"sortino":-100,"sharpe":-100,"calmar":-100,"sqn":-100.0,"profit_factor":0.0,"max_drawdown_account":0.0,"max_drawdown_abs":0.0},{"key":"TOTAL","trades":3,"profit_mean":0.011547592581370716,"profit_mean_pct":1.15,"profit_sum":0.034642777744112146,"profit_sum_pct":3.46,"profit_total_abs":34.37151195,"profit_total":0.01145717065,"profit_total_pct":1.15,"duration_avg":"0:43:00","wins":3,"draws":0,"losses":0,"winrate":1.0,"cagr":0.028299699729435357,"expectancy":11.45717065,"expectancy_ratio":100.0,"sortino":-100,"sharpe":2.9453592455292834,"calmar":-100,"sqn":10.8286,"profit_factor":0.0,"max_drawdown_account":0.0,"max_drawdown_abs":0.0}],"mix_tag_stats":[{"key":["142 ","exit_long_tc_d_1_20 ( 142 )"],"trades":1,"profit_mean":0.013621034793150175,"profit_mean_pct":1.36,"profit_sum":0.013621034793150175,"profit_sum_pct":1.36,"profit_total_abs":13.5427033,"profit_total":0.004514234433333333,"profit_total_pct":0.45,"duration_avg":"0:15:00","wins":1,"draws":0,"losses":0,"winrate":1.0,"cagr":0.011094567629616803,"expectancy":13.5427033,"expectancy_ratio":100.0,"sortino":-100,"sharpe":-100,"calmar":-100,"sqn":-100.0,"profit_factor":0.0,"max_drawdown_account":0.0,"max_drawdown_abs":0.0},{"key":["142 ","exit_long_tc_w_1_11 ( 142 )"],"trades":1,"profit_mean":0.01082525314515348,"profit_mean_pct":1.08,"profit_sum":0.01082525314515348,"profit_sum_pct":1.08,"profit_total_abs":10.72474984,"profit_total":0.003574916613333333,"profit_total_pct":0.36,"duration_avg":"1:40:00","wins":1,"draws":0,"losses":0,"winrate":1.0,"cagr":0.008780050383651927,"expectancy":10.72474984,"expectancy_ratio":100.0,"sortino":-100,"sharpe":-100,"calmar":-100,"sqn":-100.0,"profit_factor":0.0,"max_drawdown_account":0.0,"max_drawdown_abs":0.0},{"key":["141 142 ","exit_long_tc_u_1 ( 141 142 )"],"trades":1,"profit_mean":0.010196489805808492,"profit_mean_pct":1.02,"profit_sum":0.010196489805808492,"profit_sum_pct":1.02,"profit_total_abs":10.10405881,"profit_total":0.0033680196033333333,"profit_total_pct":0.34,"duration_avg":"0:15:00","wins":1,"draws":0,"losses":0,"winrate":1.0,"cagr":0.008270669552803867,"expectancy":10.10405881,"expectancy_ratio":100.0,"sortino":-100,"sharpe":-100,"calmar":-100,"sqn":-100.0,"profit_factor":0.0,"max_drawdown_account":0.0,"max_drawdown_abs":0.0},{"key":"TOTAL","trades":3,"profit_mean":0.011547592581370716,"profit_mean_pct":1.15,"profit_sum":0.034642777744112146,"profit_sum_pct":3.46,"profit_total_abs":34.37151195,"profit_total":0.01145717065,"profit_total_pct":1.15,"duration_avg":"0:43:00","wins":3,"draws":0,"losses":0,"winrate":1.0,"cagr":0.028299699729435357,"expectancy":11.45717065,"expectancy_ratio":100.0,"sortino":-100,"sharpe":2.9453592455292834,"calmar":-100,"sqn":10.8286,"profit_factor":0.0,"max_drawdown_account":0.0,"max_drawdown_abs":0.0}],"left_open_trades":[{"key":"TOTAL","trades":0,"profit_mean":0.0,"profit_mean_pct":0.0,"profit_sum":0.0,"profit_sum_pct":0.0,"profit_total_abs":0.0,"profit_total":0.0,"profit_total_pct":0.0,"duration_avg":"0:00","wins":0,"draws":0,"losses":0,"winrate":0.0,"cagr":0.0,"expectancy":0.0,"expectancy_ratio":100.0,"sortino":0,"sharpe":0,"calmar":0,"sqn":0.0,"profit_factor":0.0,"max_drawdown_account":0.0,"max_drawdown_abs":0.0}],"total_trades":3,"trade_count_long":3,"trade_count_short":0,"total_volume":5992.198264051999,"avg_stake_amount":990.9757213333334,"profit_mean":0.011547592581370716,"profit_median":0.01082525314515348,"profit_total":0.01145717065,"profit_total_long":0.01145717065,"profit_total_short":0.0,"profit_total_abs":34.37151195,"profit_total_long_abs":34.37151195,"profit_total_short_abs":0.0,"cagr":0.028299699729435357,"expectancy":11.45717065,"expectancy_ratio":100.0,"sortino":-100,"sharpe":2.9453592455292834,"calmar":-100,"sqn":10.8286,"profit_factor":0.0,"backtest_start":"2024-01-03 18:40:00","backtest_start_ts":1704307200000,"backtest_end":"2024-05-31 23:55:00","backtest_end_ts":1717199700000,"backtest_days":149,"backtest_run_start_ts":1750583931,"backtest_run_end_ts":1750583935,"trades_per_day":0.02,"market_change":0.6421281369408933,"pairlist":["BTC/USDT","ETH/USDT"],"stake_amount":"unlimited","stake_currency":"USDT","stake_currency_decimals":3,"starting_balance":3000,"dry_run_wallet":3000,"final_balance":3034.37151195,"rejected_signals":0,"timedout_entry_orders":0,"timedout_exit_orders":0,"canceled_trade_entries":0,"canceled_entry_orders":0,"replaced_entry_orders":0,"max_open_trades":2,"max_open_trades_setting":3,"timeframe":"5m","timeframe_detail":"","timerange":"20240101-20240601","enable_protections":false,"strategy_name":"NostalgiaForInfinityX6","stoploss":-0.99,"trailing_stop":false,"trailing_stop_positive":0.01,"trailing_stop_positive_offset":0.03,"trailing_only_offset_is_reached":true,"use_custom_stoploss":false,"minimal_roi":{},"use_exit_signal":true,"exit_profit_only":false,"exit_profit_offset":0.0,"ignore_roi_if_entry_signal":true,"trading_mode":"spot","margin_mode":"","periodic_breakdown":{"day":[{"date":"13/04/2024","date_ts":1712966400000,"profit_abs":34.37151195,"wins":3,"draws":0,"losses":0,"trades":3,"profit_factor":0.0}],"week":[{"date":"15/04/2024","date_ts":1713139200000,"profit_abs":34.37151195,"wins":3,"draws":0,"losses":0,"trades":3,"profit_factor":0.0}],"month":[{"date":"30/04/2024","date_ts":1714435200000,"profit_abs":34.37151195,"wins":3,"draws":0,"losses":0,"trades":3,"profit_factor":0.0}],"year":[{"date":"31/12/2024","date_ts":1735603200000,"profit_abs":34.37151195,"wins":3,"draws":0,"losses":0,"trades":3,"profit_factor":0.0}]},"backtest_best_day":0.034642777744112146,"backtest_worst_day":0.034642777744112146,"backtest_best_day_abs":34.37151195,"backtest_worst_day_abs":34.37151195,"winning_days":1,"draw_days":0,"losing_days":0,"daily_profit":[["2024-04-13",34.37151195]],"wins":3,"losses":0,"draws":0,"winrate":1.0,"holding_avg":"0:43:00","holding_avg_s":2580.0,"winner_holding_min":"0d 00:15","winner_holding_min_s":900.0,"winner_holding_max":"0d 01:40","winner_holding_max_s":6000.0,"winner_holding_avg":"0d 00:43","winner_holding_avg_s":2580.0,"loser_holding_min":"0d 00:00","loser_holding_min_s":0.0,"loser_holding_max":"0d 00:00","loser_holding_max_s":0.0,"loser_holding_avg":"0d 00:00","loser_holding_avg_s":0.0,"max_consecutive_wins":3,"max_consecutive_losses":0,"max_drawdown_account":0.0,"max_relative_drawdown":0.0,"max_drawdown_abs":0.0,"drawdown_start":"2024-04-13 20:35:00","drawdown_start_ts":1713040500000.0,"drawdown_end":"2024-04-13 20:35:00","drawdown_end_ts":1713040500000.0,"max_drawdown_low":10.10405881,"max_drawdown_high":10.10405881,"csum_min":3010.10405881,"csum_max":3034.37151195}},"strategy_comparison":[{"key":"NostalgiaForInfinityX6","trades":3,"profit_mean":0.011547592581370716,"profit_mean_pct":1.15,"profit_sum":0.034642777744112146,"profit_sum_pct":3.46,"profit_total_abs":34.37151195,"profit_total":0.01145717065,"profit_total_pct":1.15,"duration_avg":"0:43:00","wins":3,"draws":0,"losses":0,"winrate":1.0,"cagr":0.028299699729435357,"expectancy":11.45717065,"expectancy_ratio":100.0,"sortino":-100,"sharpe":2.9453592455292834,"calmar":-100,"sqn":10.8286,"profit_factor":0.0,"max_drawdown_account":0.0,"max_drawdown_abs":"0"}]}