{"max_open_trades":3,"stake_currency":"USDT","stake_amount":"unlimited","tradable_balance_ratio":0.99,"fiat_display_currency":"USD","timeframe":"5m","dry_run":true,"dry_run_wallet":3000,"cancel_open_orders_on_exit":false,"trading_mode":"spot","margin_mode":"","unfilledtimeout":{"buy":10,"sell":10},"bid_strategy":{"price_side":"bid","use_order_book":true,"order_book_top":1},"ask_strategy":{"price_side":"ask","use_order_book":true,"order_book_top":1},"exchange":{"name":"binance","key":"REDACTED","secret":"REDACTED","token":"dummy_token_for_backtest","ccxt_config":{},"ccxt_async_config":{}},"pairlists":[{"method":"StaticPairList","config":{"pair_whitelist":["BTC/USDT","ETH/USDT"]}}],"telegram":{"enabled":false,"token":"REDACTED","chat_id":"REDACTED"},"db_url":"sqlite:////freqtrade/user_data/tradesv3.sqlite","initial_state":"running","pair_whitelist":["BTC/USDT","ETH/USDT","BNB/USDT","ADA/USDT","XRP/USDT","DOT/USDT","LINK/USDT"],"strategy":"NostalgiaForInfinityX6","config_files":["user_data/config.json"],"internals":{}}